{
    "total_experiments": 1,
    "elapsed_time_seconds": 207.06431579589844,
    "best_score": 0.9108057801218031,
    "best_config": {
        "wd": 0.0001,
        "sent_by_T": 0.08,
        "s_alpha": 0.2,
        "num_splits": 48,
        "lr": 0.001,
        "epochs": 10,
        "d": 16,
        "batch_size": 128,
        "T": 6,
        "G": 10000
    },
    "top_results": [
        {
            "experiment_number": 0,
            "score": 0.9108057801218031,
            "recalls": [
                0.9821945623983487,
                0.9438269793940095,
                0.827883736922632,
                0.6920311395973434
            ],
            "precisions": [
                0.055085747318765484,
                0.0794164398679979,
                0.13926278188554939,
                0.193989340930439
            ],
            "config": {
                "wd": 0.0001,
                "sent_by_T": 0.08,
                "s_alpha": 0.2,
                "num_splits": 48,
                "lr": 0.001,
                "epochs": 10,
                "d": 16,
                "batch_size": 128,
                "T": 6,
                "G": 10000
            },
            "n_metrics": 651155
        }
    ]
}